{
	"schemaVersion": 1,
	"id": "fishmod",
	"version": "${version}",
	"name": "fishmod",
	"description": "This is an example description! Tell everyone what your mod is about!",
	"authors": [
		"Me!"
	],
	"contact": {
		"homepage": "https://fabricmc.net/",
		"sources": "https://github.com/FabricMC/fabric-example-mod"
	},
	"license": "CC0-1.0",
	"icon": "assets/fishmod/icon.png",
	"environment": "*",
	"entrypoints": {
		"main": [
			{
				"value": "fish.fishmod.Fishmod",
				"adapter": "kotlin"
			}
		],
		"client": [
			{
				"value": "fish.fishmod.FishmodClient",
				"adapter": "kotlin"
			}
		],
		"fabric-datagen": [
			{
				"value": "fish.fishmod.FishmodDataGenerator",
				"adapter": "kotlin"
			}
		]
	},
	"mixins": [
		"fishmod.mixins.json",
		{
			"config": "fishmod.client.mixins.json",
			"environment": "client"
		}
	],
	"depends": {
		"fabricloader": ">=0.17.2",
		"minecraft": "~1.21.5",
		"java": ">=21",
		"fabric-api": "*",
		"fabric-language-kotlin": "*"
	},
	"suggests": {
		"another-mod": "*"
	}
}